Year Joined,Name,2001-04-01,2001-05-01,2001-06-01,2001-07-01,2001-08-01,2001-09-01,2001-10-01,2001-11-01,2001-12-01,2002-01-01,2002-02-01,2002-03-01,2002-04-01,2002-05-01,2002-06-01,2002-07-01,2002-08-01,2002-09-01,2002-10-01,2002-11-01,2002-12-01,2003-01-01,2003-02-01,2003-03-01,2003-04-01,2003-05-01,2003-06-01,2003-07-01,2003-08-01,2003-09-01,2003-10-01,2003-11-01,2003-12-01,2004-01-01,2004-02-01,2004-03-01,2004-04-01,2004-05-01,2004-06-01,2004-07-01,2004-08-01,2004-09-01,2004-10-01,2004-11-01,2004-12-01,2005-01-01,2005-02-01,2005-03-01,2005-04-01,2005-05-01,2005-06-01,2005-07-01,2005-08-01,2005-09-01,2005-10-01,2005-11-01,2005-12-01,2006-01-01,2006-02-01,2006-03-01,2006-04-01,2006-05-01,2006-06-01,2006-07-01,2006-08-01,2006-09-01,2006-10-01,2006-11-01,2006-12-01,2007-01-01,2007-02-01,2007-03-01,2007-04-01,2007-05-01,2007-06-01,2007-07-01,2007-08-01,2007-09-01,2007-10-01,2007-11-01,2007-12-01,2008-01-01,2008-02-01,2008-03-01,2008-04-01,2008-05-01,2008-06-01,2008-07-01,2008-08-01,2008-09-01,2008-10-01,2008-11-01,2008-12-01,2009-01-01,2009-02-01,2009-03-01,2009-04-01,2009-05-01,2009-06-01,2009-07-01,2009-08-01,2009-09-01,2009-10-01,2009-11-01,2009-12-01,2010-01-01,2010-02-01,2010-03-01,2010-04-01,2010-05-01,2010-06-01,2010-07-01,2010-08-01,2010-09-01,2010-10-01,2010-11-01,2010-12-01,2011-01-01,2011-02-01,2011-03-01,2011-04-01,2011-05-01,2011-06-01,2011-07-01,2011-08-01,2011-09-01,2011-10-01,2011-11-01,2011-12-01,2012-01-01,2012-02-01,2012-03-01,2012-04-01,2012-05-01,2012-06-01,2012-07-01,2012-08-01,2012-09-01,2012-10-01,2012-11-01,2012-12-01,2013-01-01,2013-02-01,2013-03-01,2013-04-01,2013-05-01,2013-06-01,2013-07-01,2013-08-01,2013-09-01,2013-10-01,2013-11-01,2013-12-01,2014-01-01,2014-02-01,2014-03-01,2014-04-01,2014-05-01,2014-06-01,2014-07-01,2014-08-01,2014-09-01,2014-10-01,2014-11-01,2014-12-01,2015-01-01,2015-02-01,2015-03-01,2015-04-01,2015-05-01,2015-06-01,2015-07-01,2015-08-01,2015-09-01,2015-10-01,2015-11-01,2015-12-01,2016-01-01,2016-02-01,2016-03-01,2016-04-01,2016-05-01,2016-06-01,2016-07-01,2016-08-01,2016-09-01,2016-10-01,2016-11-01,2016-12-01,2017-01-01,2017-02-01,2017-03-01,2017-04-01,2017-05-01,2017-06-01,2017-07-01,2017-08-01,2017-09-01,2017-10-01,2017-11-01,2017-12-01,2018-01-01,2018-02-01,2018-03-01,2018-04-01,2018-05-01,2018-06-01,2018-07-01,2018-08-01,2018-09-01,2018-10-01,2018-11-01,2018-12-01,2019-01-01,2019-02-01,2019-03-01,2019-04-01,2019-05-01,2019-06-01,2019-07-01,2019-08-01,2019-09-01,2019-10-01,2019-11-01,2019-12-01,2020-01-01,2020-02-01,2020-03-01,2020-04-01,2020-05-01,2020-06-01,2020-07-01,2020-08-01,2020-09-01,2020-10-01,2020-11-01,2020-12-01,2021-01-01,2021-02-01,2021-03-01,2021-04-01,2021-05-01,2021-06-01,2021-07-01,2021-08-01,2021-09-01,2021-10-01,2021-11-01,2021-12-01,2022-01-01,2022-02-01,2022-03-01,2022-04-01,2022-05-01,2022-06-01,2022-07-01,2022-08-01,2022-09-01,2022-10-01,2022-11-01,2022-12-01,2023-01-01,2023-02-01,2023-03-01,2023-04-01,2023-05-01,2023-06-01,2023-07-01,2023-08-01,2023-09-01,2023-10-01,2023-11-01,2023-12-01,2024-01-01,2024-02-01,2024-03-01,2024-04-01,2024-05-01,2024-06-01,2024-07-01,2024-08-01,2024-09-01,2024-10-01,2024-11-01,2024-12-01,2025-01-01,2025-02-01,2025-03-01,2025-04-01,2025-05-01,2025-06-01,2025-07-01,2025-08-01,2025-09-01,2025-10-01,2025-11-01,2025-12-01
Pre 1990s,A. Barber,918,918,918,915,921,921,921,918,915,912,909,906,903,900,897,894,891,888,885,882,925,925,925,924,924,924,921,918,915,912,909,906,913,913,913,910,907,923,923,923,920,917,914,911,922,922,922,919,916,916,916,916,913,928,928,928,930,930,930,927,924,921,918,915,912,929,929,929,936,936,936,933,930,927,942,942,944,944,944,950,950,950,947,944,941,938,953,953,953,947,947,945,945,945,942,939,936,933,930,927,924,921,918,915,912,909,906,903,900,897,894,891,888,885,882,879,876,873,870,867,864,861,858,855,852,849,846,843,840,837,834,831,828,825,822,819,816,813,810,807,804,801,798,795,792,789,786,783,780,777,774,771,768,765,762,759,756,753,750,747,744,741,738,735,732,729,726,723,720,717,714,711,708,705,702,699,696,693,690,687,684,681,678,675,672,669,666,663,660,657,654,651,648,645,642,639,636,633,630,627,624,621,618,615,612,609,606,603,600,597,594,591,588,585,582,579,576,573,570,567,564,561,558,555,552,549,546,543,540,537,534,531,528,525,522,519,516,513,510,507,504,501,498,495,492,489,486,483,480,477,474,471,468,465,462,459,456,453,450,447,444,441,438,435,432,429,426,423,420,417,414,411,408,405,402,399,396,393,390,387,384,381,378,375,372,369,366,363,360,357,354,351,348,345,342,339,336
2015-2020,A. Bosco,,,,,,,,,,,,,,,,,,,,,,,,,,,,,,,,,,,,,,,,,,,,,,,,,,,,,,,,,,,,,,,,,,,,,,,,,,,,,,,,,,,,,,,,,,,,,,,,,,,,,,,,,,,,,,,,,,,,,,,,,,,,,,,,,,,,,,,,,,,,,,,,,,,,,,,,,,,,,,,,,,,,,,,,,,,,,,,,,,,,,,,,,,,,,,,,,,,,,,,,,,,,,,,,,,,,,,,,,,,,,,,,,,,,,,,,,,,,,,,,,,,,,,,,,,963,963,963,960,967,969,971,970,968,974,974,974,971,968,965,962,976,967,973,975,980,979,979,979,976,973,970,967,964,961,958,955,952,949,946,943,940,937,934,931,928,925,922,919,916,913,910,907
2000-2005,A. Goodman,,,,,,,,,,,,,,923,923,923,920,954,954,954,963,963,963,967,967,972,972,977,977,977,974,971,983,983,983,980,977,987,987,990,990,990,987,984,981,978,975,972,969,979,979,981,981,976,976,976,978,984,984,984,981,978,988,988,988,1002,1002,1002,994,994,994,991,993,993,991,991,989,989,989,982,982,982,979,976,973,970,994,994,994,991,988,1000,1000,1000,997,994,991,997,997,994,994,985,984,984,989,989,989,986,983,991,984,987,978,978,978,975,972,969,966,988,988,985,988,988,989,989,991,998,998,998,995,992,989,994,994,994,991,990,993,993,997,994,994,994,991,996,996,995,995,995,1000,1000,996,996,996,993,992,991,991,991,988,985,989,991,991,991,988,987,987,992,992,996,996,987,991,991,991,988,985,982,986,980,978,978,978,975,971,971,971,970,970,978,978,976,976,976,973,981,981,981,978,970,970,970,967,964,962,961,961,979,979,976,976,976,973,980,978,978,976,983,983,983,980,978,978,978,975,980,980,980,977,974,971,968,965,962,959,956,953,950,947,944,941,938,935,981,981,981,978,975,972,969,966,963,960,957,954,951,948,945,942,939,936,933,930,927,924,921,918,915,912,909,906,903,900,897,894,891,888,885,882,879,876,873,870,867,864,861,858,855,852,849,846,843,840,837,834
2020-2025,A. Li,,,,,,,,,,,,,,,,,,,,,,,,,,,,,,,,,,,,,,,,,,,,,,,,,,,,,,,,,,,,,,,,,,,,,,,,,,,,,,,,,,,,,,,,,,,,,,,,,,,,,,,,,,,,,,,,,,,,,,,,,,,,,,,,,,,,,,,,,,,,,,,,,,,,,,,,,,,,,,,,,,,,,,,,,,,,,,,,,,,,,,,,,,,,,,,,,,,,,,,,,,,,,,,,,,,,,,,,,,,,,,,,,,,,,,,,,,,,,,,,,,,,,,,,,,,,,,,,,,,,,,,,,950,956,960,956,956,963,971,971,971,968,965,962,959,956,953,950,947,944,941,938,935,932,929,926,923,920,917,914,911,908,905,902,899
2015-2020,A. Mullen,,,,,,,,,,,,,,,,,,,,,,,,,,,,,,,,,,,,,,,,,,,,,,,,,,,,,,,,,,,,,,,,,,,,,,,,,,,,,,,,,,,,,,,,,,,,,,,,,,,,,,,,,,,,,,,,,,,,,,,,,,,,,,,,,,,,,,,,,,,,,,,,,,,,,,,,,,,,,,,,,,,,,,,,,,,,,,,,,,,,,,,,,,,,,,,,,,,,,,,,,,,,,,,,,,,,,,,,,,,,955,955,955,960,960,960,957,954,951,948,945,942,939,936,933,930,927,924,921,918,915,912,909,906,903,900,897,894,891,888,885,882,879,876,873,870,867,864,861,858,855,852,849,846,843,840,837,834,831,828,825,822,819,816,813,810,807,804,801,798,795,792,789,786,783,780,777,774,771,768,765,762,759,756,753,750,747,744
2005-2010,A. Rodrigues,,,,,,,,,,,,,,,,,,,,,,,,,,,,,,,,,,,,,,,,,,,,,,,,,,,,,,,,,,,,,,,,,,,,,,,,,,,,,,,,,,,,,,,,,,,,,,,,,,,,,,,,,,,,,,,,,,,,,,,,,,931,937,937,942,942,942,941,941,941,938,935,932,946,946,949,942,945,950,950,952,947,947,947,945,945,945,948,950,950,963,963,963,960,957,954,951,948,965,965,966,968,968,968,965,972,972,966,971,971,969,968,968,971,975,975,972,972,972,969,966,963,960,971,971,968,976,973,973,973,970,967,964,961,958,955,952,971,971,971,968,965,962,959,956,953,950,947,944,941,938,935,932,929,926,923,920,917,914,911,908,905,902,899,896,893,890,887,884,881,878,875,872,869,866,863,860,857,854,851,848,845,842,839,836,833,830,827,824,821,818,815,812,809,806,803,800,797,794,791,788,785,782,779,776,773,770,767,764,761,758,755,752,749,746,743,740,737,734,731,728,725,722,719,716,713,710,707,704,701,698,695,692,689,686,683,680
2005-2010,A. Tabaczynski,,,,,,,,,,,,,,,,,,,,,,,,,,,,,,,,,,,,,,,,,,,,,,,,,,,,,,,,,969,969,969,966,963,960,932,932,932,947,947,947,936,936,936,933,941,941,941,938,942,942,942,939,936,933,930,927,924,921,918,915,912,943,943,943,940,937,934,931,928,925,922,919,916,913,910,907,904,901,898,895,892,889,886,883,880,877,874,871,868,865,862,859,856,853,850,976,962,962,964,954,954,954,951,948,945,963,963,961,961,967,967,967,964,961,958,955,974,961,961,972,980,980,973,973,976,976,976,973,970,985,981,981,987,988,988,983,983,983,980,976,976,976,974,974,974,971,958,958,963,963,963,960,960,963,963,955,955,955,969,969,969,966,963,963,963,957,957,964,964,964,971,971,971,966,966,966,965,965,971,971,971,969,973,973,973,977,977,977,974,971,968,978,977,977,980,974,974,972,972,977,977,977,974,971,968,965,962,959,956,953,950,947,944,941,938,975,975,975,972,969,966,963,960,957,954,951,948,945,942,939,936,933,930,927,924,921,918,915,912,909,906,903,900,897,894,891,888,885,882,879,876,873,870,867,864,861,858,855,852,849,846,843,840,837,834,831,828,825,822
2000-2005,B. Cowperthwait,,,,,,,,,,,,,,,,,,,,,,,,,,,,937,937,937,934,931,952,952,952,949,946,961,961,959,959,961,961,961,963,963,963,960,957,954,951,948,945,979,979,979,996,999,999,999,996,993,1004,1004,1004,997,997,997,990,993,993,993,990,987,986,986,985,985,985,988,988,987,987,987,984,981,978,975,972,969,966,963,960,995,995,995,992,989,986,994,994,994,1014,1014,1020,1020,1020,997,997,1008,1008,996,995,995,995,992,989,989,989,986,983,980,977,974,1006,1007,1007,1007,1004,1001,998,995,992,989,986,983,980,1018,1018,1018,1015,1021,1021,1021,1005,1009,1009,1003,1000,1000,1013,1007,1013,1013,1011,1011,1011,1010,1006,1006,1010,1009,1004,1004,1004,1001,1001,993,992,992,994,995,995,997,997,997,998,998,998,995,992,1002,1002,1001,1001,1005,1004,1004,1004,1007,1007,1011,1011,1013,1013,1015,1015,1013,1013,1015,1015,1016,1016,1016,1013,1013,1015,1015,1014,1014,1020,1021,1021,1021,1022,1023,1023,1017,1010,1010,1010,1013,1011,1003,1003,1005,1005,1005,1002,999,996,993,990,1009,1006,1010,1010,1010,1007,1004,996,996,995,1002,998,997,997,997,994,991,988,1000,1001,1001,1001,1006,1003,1003,1003,1000,997,994,991,988,985,982,979,976,973,970,967,964,961,958,955,952,949,946,943,940,937,934,931,928,925,922,919,916,913,910,907,904,901,898,895,892,889
2020-2025,B. Forman,,,,,,,,,,,,,,,,,,,,,,,,,,,,,,,,,,,,,,,,,,,,,,,,,,,,,,,,,,,,,,,,,,,,,,,,,,,,,,,,,,,,,,,,,,,,,,,,,,,,,,,,,,,,,,,,,,,,,,,,,,,,,,,,,,,,,,,,,,,,,,,,,,,,,,,,,,,,,,,,,,,,,,,,,,,,,,,,,,,,,,,,,,,,,,,,,,,,,,,,,,,,,,,,,,,,,,,,,,,,,,,,,,,,,,,,,,966,966,966,963,960,957,954,951,948,945,942,939,936,933,930,927,924,921,918,915,912,909,906,903,900,897,894,891,888,885,882,879,876,873,870,867,864,861,858,855,852,849,846,843,840,837,834,831,828,825,822,819,816,813,810,807,804,801,798,795,792,789,786,783
2015-2020,B. Howard II,,,,,,,,,,,,,,,,,,,,,,,,,,,,,,,,,,,,,,,,,,,,,,,,,,,,,,,,,,,,,,,,,,,,,,,,,,,,,,,,,,,,,,,,,,,,,,,,,,,,,,,,,,,,,,,,,,,,,,,,,,,,,,,,,,,,,,,,,,,,,,,,,,,,,,,,,,,,,,,,,,,,,,,,,,,,,,,,,,,,,,,,,,,,,,,,,,941,941,961,961,959,959,959,956,953,950,947,944,941,938,935,976,976,976,973,970,967,964,961,958,955,952,949,946,943,940,937,934,931,928,925,922,919,916,913,910,907,904,901,898,895,892,889,886,883,880,877,874,871,868,865,862,859,856,853,850,847,844,841,838,835,832,829,826,823,820,817,814,811,808,805,802,799,796,793,790,787,784,781,778,775,772,769,766,763,760,757,754,751,748,745,742,739,736,733,730,727,724,721,718
2015-2020,B. Shaw,,,,,,,,,,,,,,,,,,,,,,,,,,,,,,,,,,,,,,,,,,,,,,,,,,,,,,,,,,,,,,,,,,,,,,,,,,,,,,,,,,,,,,,,,,,,,,,,,,,,,,,,,,,,,,,,,,,,,,,,,,,,,,,,,,,,,,,,,,,,,,,,,,,,,,,,,,,,,,,,,,,,,,,,,,,,,,,,,,,,,,960,941,967,967,948,958,965,965,967,967,967,964,963,964,964,969,969,971,971,976,976,976,973,970,967,978,978,974,974,979,978,978,978,975,972,969,966,963,960,957,973,960,960,960,957,954,965,965,965,962,959,956,979,974,977,977,977,974,975,972,969,972,969,969,969,973,973,973,970,967,964,961,958,955,952,949,946,943,940,937,934,931,928,925,976,970,965,982,982,982,979,976,973,970,967,964,978,978,973,969,969,990,990,990,987,984,981,989,989,976,976,996,996,996,993,990
2000-2005,B. Soleng,,,,,,,,,909,909,909,906,903,900,897,894,891,888,885,882,917,917,917,914,911,923,923,939,939,939,936,933,952,952,952,949,946,953,953,956,956,963,963,963,960,957,965,965,965,977,977,974,974,983,983,983,992,998,998,998,1000,1000,1001,1001,1001,1005,1005,1005,1007,1005,1005,1005,1002,999,1008,1008,1000,1000,1000,999,999,998,998,998,997,997,996,996,996,993,990,995,995,995,992,989,986,983,980,999,999,1009,997,997,1002,1007,1007,1007,1004,1011,1010,1008,1005,1005,998,998,1004,1004,1004,1001,998,995,997,997,997,1004,1010,1010,1010,1007,1004,1001,998,995,992,989,986,993,993,993,990,985,985,985,984,984,984,981,978,975,993,993,986,986,985,985,985,982,975,975,975,972,970,971,971,974,974,972,972,972,969,966,963,960,957,954,981,981,981,978,980,980,980,975,975,975,976,976,976,973,970,967,964,961,974,974,974,971,968,970,970,965,965,965,977,977,961,961,961,973,973,969,969,969,966,963,960,957,954,951,948,945,942,939,936,933,930,927,924,921,918,915,912,909,906,903,900,897,894,891,888,885,882,879,876,873,870,867,864,861,858,855,852,849,846,843,840,837,834,831,828,825,822,819,816,813,810,807,804,801,798,795,792,789,786,783,780,777,774,771,768,765,762,759,756,753,750,747,744,741,738,735,732,729,726,723,720
2005-2010,C. Carlson,,,,,,,,,,,,,,,,,,,,,,,,,,,,,,,,,,,,,,,,,,,,,,,,,,,,,,,,,,,,,,,,,,,,,,,,,,,,,,,,,,895,895,895,904,904,906,906,906,914,914,935,935,935,932,929,926,923,920,917,914,911,908,905,902,899,896,893,890,887,884,881,878,875,872,869,866,863,860,857,854,851,848,845,842,839,836,833,830,827,824,821,818,815,812,809,806,803,800,797,794,791,788,785,782,779,776,773,770,767,764,761,758,755,752,749,746,743,740,737,734,731,728,725,722,719,716,713,710,707,704,701,698,695,692,689,686,683,680,677,674,671,668,665,662,659,656,653,650,647,644,641,638,635,632,629,626,623,620,617,614,611,608,605,602,599,596,593,590,587,584,581,578,575,572,569,566,563,560,557,554,551,548,545,542,539,536,533,530,527,524,521,518,515,512,509,506,503,500,497,494,491,488,485,482,479,476,473,470,467,464,461,458,455,452,449,446,443,440,437,434,431,428,425,422,419,416,413,410,407,404,401,398,395,392,389,386,383,380,377,374,371,368,365,362,359,356,353,350,347,344,341,338,335,332,329,326
2005-2010,C. Davidson,,,,,,,,,,,,,,,,,,,,,,,,,,,,,,,,,,,,,,,,,,,,,,,,,,,,,,,,,,,,,,,,,,,,,,,,,,,,,,,,,,,,,,,951,951,951,952,952,950,950,950,947,944,941,938,935,932,929,926,923,920,917,914,911,908,905,902,899,896,893,890,887,884,881,878,875,872,869,866,863,860,857,854,851,848,845,842,839,836,833,830,827,824,821,818,815,812,809,806,803,800,797,794,791,788,785,782,779,776,773,770,767,764,761,758,755,752,749,746,743,740,737,734,731,728,725,722,719,716,713,710,707,704,701,698,695,692,689,686,683,680,677,674,671,668,665,662,659,656,653,650,647,644,641,638,635,632,629,626,623,620,617,614,611,608,605,602,599,596,593,590,587,584,581,578,575,572,569,566,563,560,557,554,551,548,545,542,539,536,533,530,527,524,521,518,515,512,509,506,503,500,497,494,491,488,485,482,479,476,473,470,467,464,461,458,455,452,449,446,443,440,437,434,431,428,425,422,419,416,413,410,407,404,401,398,395,392,389,386,383,380,377,374,371,368,365,362,359,356,353,350,347,344,341
2000-2005,C. Downey,907,907,907,904,912,912,912,909,917,917,917,914,911,908,905,918,918,918,915,912,921,921,921,918,918,918,915,928,928,928,925,922,931,931,931,928,925,922,919,916,913,910,907,904,901,898,895,892,889,886,883,880,877,874,871,868,865,862,859,856,853,850,847,844,841,838,835,832,829,826,823,820,817,814,811,808,805,802,799,796,793,790,787,784,781,778,775,772,769,766,763,760,757,754,751,748,745,742,739,736,733,730,727,724,721,718,715,712,709,706,703,700,697,694,691,688,685,682,679,676,673,670,667,664,661,658,655,652,649,646,643,640,637,634,631,628,625,622,619,616,613,610,607,604,601,598,595,592,589,586,583,580,577,574,571,568,565,562,559,556,553,550,547,544,541,538,535,532,529,526,523,520,517,514,511,508,505,502,499,496,493,490,487,484,481,478,475,472,469,466,463,460,457,454,451,448,445,442,439,436,433,430,427,424,421,418,415,412,409,406,403,400,397,394,391,388,385,382,379,376,373,370,367,364,361,358,355,352,349,346,343,340,337,334,331,328,325,322,319,316,313,310,307,304,301,298,295,292,289,286,283,280,277,274,271,268,265,262,259,256,253,250,247,244,241,238,235,232,229,226,223,220,217,214,211,208,205,202,199,196,193,190,187,184,181,178,175,172,169,166,163,160,157,154,151,148,145
2020-2025,C. Hoeksema,,,,,,,,,,,,,,,,,,,,,,,,,,,,,,,,,,,,,,,,,,,,,,,,,,,,,,,,,,,,,,,,,,,,,,,,,,,,,,,,,,,,,,,,,,,,,,,,,,,,,,,,,,,,,,,,,,,,,,,,,,,,,,,,,,,,,,,,,,,,,,,,,,,,,,,,,,,,,,,,,,,,,,,,,,,,,,,,,,,,,,,,,,,,,,,,,,,,,,,,,,,,,,,,,,,,,,,,,,,,,,,,,,,,,,,,,,,,,,,,,,,,,,,,,,,,,,,,,,,,,,,,,,949,967,967,967,964,966,974,974,974,971,968,965,977,973,961,972,978,978,978,975,972,969,966,963,972,969,969,969,966,974,974,974
2000-2005,C. Kuecherer,,,,,,,,,,,,,,,,,,,,,,,,,,,,,,,,,,,,,,,,,,,,,,,909,909,909,906,903,900,897,907,907,907,930,930,930,927,924,921,932,932,932,942,942,942,945,945,945,942,939,936,933,930,961,961,961,958,955,952,949,946,943,940,937,934,931,928,925,922,919,916,913,910,907,904,901,898,895,892,889,886,883,880,877,874,871,868,865,862,859,856,853,850,847,844,841,838,835,832,829,826,823,820,817,814,811,808,805,802,799,796,793,790,787,784,781,778,775,772,769,766,763,760,757,754,751,748,745,742,739,736,733,730,727,724,721,718,715,712,709,706,703,700,697,694,953,948,948,948,945,942,945,955,955,955,952,951,951,951,948,955,955,955,952,949,946,943,940,937,934,931,928,925,922,919,916,913,910,907,904,901,898,895,892,889,886,883,880,877,874,871,868,865,862,859,856,853,850,847,844,841,838,835,832,829,826,823,820,817,814,811,808,805,802,799,796,793,790,787,784,781,778,775,772,769,766,763,760,757,754,751,748,745,742,739,736,733,730,727,724,721,718,715,712,709,706,703,700,697,694,691,688,685,682,679,676,673,670,667,664,661,658,655,652,649,646,643,640,637,634,631,628,625,622
2010-2015,C. Scofield,,,,,,,,,,,,,,,,,,,,,,,,,,,,,,,,,,,,,,,,,,,,,,,,,,,,,,,,,,,,,,,,,,,,,,,,,,,,,,,,,,,,,,,,,,,,,,,,,,,,,,,,,,,,,,,,,,,,,,,,,,,,,,,,,,,,,,,,940,940,940,937,937,950,951,951,951,952,965,965,970,967,967,969,974,980,980,981,981,981,985,985,989,985,985,989,989,986,986,986,979,979,975,975,970,970,972,972,963,976,976,976,973,982,982,982,989,989,989,984,984,984,990,990,990,987,981,981,981,978,975,972,969,966,963,960,957,992,991,982,982,982,986,986,986,983,980,977,974,971,985,985,985,982,979,976,993,993,993,990,987,984,981,978,975,972,994,989,989,989,986,983,980,983,983,981,981,981,988,988,986,986,986,983,980,977,974,971,968,965,962,959,956,953,950,947,944,941,938,935,932,929,926,923,920,917,914,911,908,905,902,899,896,893,890,887,884,881,878,875,872,869,866,863,860,857,854,851,848,845
2015-2020,C. Waitt,,,,,,,,,,,,,,,,,,,,,,,,,,,,,,,,,,,,,,,,,,,,,,,,,,,,,,,,,,,,,,,,,,,,,,,,,,,,,,,,,,,,,,,,,,,,,,,,,,,,,,,,,,,,,,,,,,,,,,,,,,,,,,,,,,,,,,,,,,,,,,,,,,,,,,,,,,,,,,,,,,,,,,,,,,,,,,,,,,,,,,929,936,946,946,945,958,965,965,963,963,963,960,966,966,968,978,975,979,978,974,974,974,971,968,972,966,966,966,958,968,968,968,965,962,959,956,955,955,955,952,949,946,963,963,963,960,957,954,951,948,945,942,980,973,972,972,972,969,966,971,971,968,975,973,973,981,981,981,978,975,972,982,982,985,981,981,974,976,976,976,973,970,967,964,961,958,955,952,949,946,943,940,937,934,931,928,925,922,919,916,913,910,907,904,901,898,895,892,889,886,883,880,877,874,871,868
2020-2025,D. Bailey,,,,,,,,,,,,,,,,,,,,,,,,,,,,,,,,,,,,,,,,,,,,,,,,,,,,,,,,,,,,,,,,,,,,,,,,,,,,,,,,,,,,,,,,,,,,,,,,,,,,,,,,,,,,,,,,,,,,,,,,,,,,,,,,,,,,,,,,,,,,,,,,,,,,,,,,,,,,,,,,,,,,,,,,,,,,,,,,,,,,,,,,,,,,,,,,,,,,,,,,,,,,,,,,,,,,,,,,,,,,,,,,,,,,,,,,,,,,,,,,,,,,,,,,,,,,,,,,,,,,,,,,,957,959,960,965,980,981,978,977,977,977,974,971,968,965,962,959,956,953,950,947,944,941,938,935,932,978,978,994,980,984,985,985,985
2010-2015,D. DeMilio,,,,,,,,,,,,,,,,,,,,,,,,,,,,,,,,,,,,,,,,,,,,,,,,,,,,,,,,,,,,,,,,,,,,,,,,,,,,,,,,,,,,,,,,,,,,,,,,,,,,,,,,,,,,,,,,,949,949,959,959,959,956,953,950,947,944,957,957,957,954,951,948,945,942,939,936,933,930,927,924,921,918,915,912,909,906,903,900,897,894,891,888,885,882,879,876,873,870,867,864,861,858,855,852,849,846,843,840,837,834,831,828,825,822,819,816,813,810,807,804,801,798,795,792,789,786,783,780,777,774,771,768,765,762,759,756,753,750,747,744,741,738,735,732,729,726,723,720,717,714,711,708,705,702,699,696,693,690,687,684,681,678,675,672,669,666,663,660,657,654,651,648,645,642,639,636,633,630,627,624,621,618,615,612,609,606,603,600,597,594,591,588,585,582,579,576,573,570,567,564,561,558,555,552,549,546,543,540,537,534,531,528,525,522,519,516,513,510,507,504,501,498,495,492,489,486,483,480,477,474,471,468,465,462,459,456,453,450,447,444,441
2020-2025,D. Farquharson,,,,,,,,,,,,,,,,,,,,,,,,,,,,,,,,,,,,,,,,,,,,,,,,,,,,,,,,,,,,,,,,,,,,,,,,,,,,,,,,,,,,,,,,,,,,,,,,,,,,,,,,,,,,,,,,,,,,,,,,,,,,,,,,,,,,,,,,,,,,,,,,,,,,,,,,,,,,,,,,,,,,,,,,,,,,,,,,,,,,,,,,,,,,,,,,,,,,,,,,,,,,,,,,,,,,,,,,,,,,,,,,,,,,,,,,,,,,,,,,,,,,,,,,,,,,,,,,,,,,,,,,951,951,951,957,967,967,972,974,973,974,974,974,971,970,968,978,975,977,978,982,981,983,983,983,980,984,985,985,993,993,996,993,991,991
2015-2020,D. Fleck,,,,,,,,,,,,,,,,,,,,,,,,,,,,,,,,,,,,,,,,,,,,,,,,,,,,,,,,,,,,,,,,,,,,,,,,,,,,,,,,,,,,,,,,,,,,,,,,,,,,,,,,,,,,,,,,,,,,,,,,,,,,,,,,,,,,,,,,,,,,,,,,,,,,,,,,,,,,,,,,,,,,,,,,,,,,,,,,,,,,,,,,,,,,,,,,,,,,,,,,,,,,,,,,,,,,,,,,,,,,,,,,,,,,,,,,,,975,973,973,973,970,967,964,961,958,978,983,988,988,990,991,991,991,988,992,991,992,997,998,996,996,994,993,993,993,990,987,984,992,989,987,995,1001,1000,998,998,998,995,992,989,986,1000,1003,1004,1000,997,998,998,998,995,992,989,1004,1004,1003,1003,1005,1006,1009,1010
2005-2010,D. Hale,,,,,,,,,,,,,,,,,,,,,,,,,,,,,,,,,,,,,,,,,,,,,,,,,,,,,,,,,,,,,,,,,,,,,,,,,,,,,,,,,,,,,,,,,,,,,,,,,,931,931,953,953,955,956,956,956,953,950,947,944,941,938,935,932,929,926,923,920,917,914,911,908,905,902,899,896,893,890,887,884,881,878,875,872,869,866,863,989,987,974,969,969,969,966,963,960,957,954,951,948,945,942,939,936,933,930,927,924,921,918,915,912,909,906,903,900,897,894,891,888,885,882,879,876,974,974,974,971,968,965,962,959,956,957,957,957,967,967,967,964,961,958,955,952,949,946,943,940,937,934,931,928,925,922,919,916,913,910,907,904,901,898,895,892,889,886,883,880,877,874,871,868,865,862,859,856,853,850,847,844,841,838,835,832,829,826,823,820,817,814,811,808,805,802,799,796,793,790,787,784,781,778,775,772,769,766,763,760,757,754,751,748,745,742,739,736,733,730,727,724,721,718,715,712,709,706,703,700,697,694,691,688,685,682,679,676,673,670,667,664,661,658,655,652,649,646,643,640
2000-2005,D. Hogg,942,942,942,939,936,933,930,927,915,915,915,912,909,913,913,931,931,934,934,934,938,938,938,937,937,931,931,931,928,925,922,919,916,913,910,907,904,901,898,895,892,889,886,883,880,877,874,871,868,910,910,913,913,943,943,943,940,937,934,931,928,925,922,919,916,913,910,907,904,901,898,895,892,889,886,883,880,877,874,871,868,865,862,859,856,853,991,991,991,988,985,982,979,976,973,970,967,964,961,958,955,952,949,946,943,940,937,934,931,928,925,922,919,916,913,910,907,904,901,898,895,892,889,886,883,880,877,874,871,868,865,862,859,856,853,850,847,844,841,838,835,832,829,826,823,820,817,814,811,808,805,802,799,796,793,790,787,784,781,778,775,772,769,766,763,760,757,754,751,748,745,742,739,736,733,730,727,724,721,718,715,712,709,706,703,700,697,694,691,688,685,682,679,676,673,670,667,664,661,658,655,652,649,646,643,640,637,634,631,628,625,622,619,616,613,610,607,604,601,598,595,592,589,586,583,580,577,574,571,568,565,562,559,556,553,550,547,544,541,538,535,532,529,526,523,520,517,514,511,508,505,502,499,496,493,490,487,484,481,478,475,472,469,466,463,460,457,454,451,448,445,442,439,436,433,430,427,424,421,418,415,412,409,406,403,400,397,394,391,388,385,382,379,376,373,370,367
2000-2005,D. Jaskot,,,,,,,,,,,,,,,,,,,,,,,,,,,,,,,,,,,,,,,,,,,,,,,,,,902,902,902,899,942,942,942,939,936,933,930,927,924,921,918,915,912,909,906,903,900,897,894,891,888,885,882,879,876,873,870,867,864,861,858,855,852,849,846,843,840,837,834,831,828,825,822,819,816,813,810,807,804,801,798,795,792,789,786,783,780,777,774,771,768,765,762,759,756,753,750,747,744,741,738,735,732,729,726,723,720,717,714,711,708,705,702,699,696,693,690,687,684,681,678,675,672,669,666,663,660,657,654,651,648,645,642,639,636,633,630,627,624,621,618,615,612,609,606,603,600,597,594,591,588,585,582,579,576,573,570,567,564,561,558,555,552,549,546,543,540,537,534,531,528,525,522,519,516,513,510,507,504,501,498,495,492,489,486,483,480,477,474,471,468,465,462,459,456,453,450,447,444,441,438,435,432,429,426,423,420,417,414,411,408,405,402,399,396,393,390,387,384,381,378,375,372,369,366,363,360,357,354,351,348,345,342,339,336,333,330,327,324,321,318,315,312,309,306,303,300,297,294,291,288,285,282,279,276,273,270,267,264,261,258,255,252,249,246,243,240,237,234,231,228,225,222,219
Pre 1990s,D. Jones,,,,,949,949,949,946,943,940,937,934,931,948,948,953,953,953,950,947,956,956,956,955,955,955,952,958,958,952,952,952,943,943,943,940,937,934,931,941,941,941,938,935,940,940,940,937,934,932,932,933,933,924,924,924,933,939,939,939,936,933,952,952,952,955,955,955,956,956,956,953,950,947,955,955,952,952,952,938,938,938,935,932,929,926,923,920,917,914,911,908,905,902,899,896,893,932,932,932,929,926,948,948,948,945,942,939,936,933,930,927,924,921,918,915,912,909,906,903,900,897,894,891,888,885,882,879,876,873,870,867,864,861,858,855,852,849,846,843,840,837,834,831,828,825,822,819,816,813,810,807,804,801,798,795,792,789,786,783,780,777,774,771,768,765,762,759,756,753,750,747,744,741,738,735,732,729,726,723,720,717,714,711,708,705,702,699,696,693,690,687,684,681,678,675,672,669,666,663,660,657,654,651,648,645,642,639,636,633,630,627,624,621,618,615,612,609,606,603,600,597,594,591,588,585,582,579,576,573,570,567,564,561,558,555,552,549,546,543,540,537,534,531,528,525,522,519,516,513,510,507,504,501,498,495,492,489,486,483,480,477,474,471,468,465,462,459,456,453,450,447,444,441,438,435,432,429,426,423,420,417,414,411,408,405,402,399,396,393,390,387,384,381,378,375,372
2010-2015,D. Tressler,,,,,,,,,,,,,,,,,,,,,,,,,,,,,,,,,,,,,,,,,,,,,,,,,,,,,,,,,,,,,,,,,,,,,,,,,,,,,,,,,,,,,,,,,,,,,,,,,,,,,,,,,,,,,,,,,,,943,943,944,944,944,941,938,935,932,929,926,923,920,917,914,911,908,905,902,899,896,893,890,887,884,881,878,875,872,869,866,863,860,857,854,851,848,845,842,839,836,833,830,827,824,821,818,815,958,957,957,964,964,963,974,974,966,966,966,963,960,957,962,962,962,959,961,962,962,962,959,956,957,957,957,956,956,956,953,965,965,965,962,959,956,953,950,958,958,965,960,960,960,957,954,951,948,945,942,939,936,933,930,927,924,921,918,915,912,959,959,959,956,953,950,947,944,941,938,935,932,929,926,923,920,917,914,911,908,905,902,899,896,893,890,887,884,881,878,875,872,869,866,863,860,857,854,851,848,845,842,839,836,833,830,827,824,821,818,815,812,809,806,803,800,797,794,791,788,785,782,779,776,773,770,767,764,761,758,755,752,749,746
2000-2005,G. Wintrob,,,,,,,,,,,,,,,,,,,,,,,,,,,,,,,,,,,,,,930,930,930,927,934,934,934,937,937,937,934,931,928,925,922,919,954,954,954,951,948,945,942,939,936,933,930,927,972,972,972,969,966,963,960,957,954,986,986,988,988,988,979,979,982,982,982,979,976,985,985,985,983,983,978,978,978,975,972,969,982,982,982,979,979,985,985,990,990,990,994,994,993,993,995,989,989,989,986,992,992,992,989,986,994,994,993,991,990,992,988,988,988,985,982,979,992,992,986,983,984,983,986,986,983,983,983,984,985,985,984,984,984,987,987,987,984,981,978,975,972,969,966,963,960,957,954,951,948,945,942,939,936,933,977,977,980,980,980,977,974,971,968,965,962,959,958,958,958,955,952,949,946,943,940,937,934,931,928,925,922,919,916,913,910,907,904,901,898,895,892,889,886,883,880,877,874,960,960,960,957,954,968,970,974,970,970,970,967,964,961,958,955,952,949,946,943,940,937,934,931,928,925,922,919,916,913,910,907,904,901,898,895,892,889,886,883,880,877,874,871,868,865,862,859,856,853,850,847,844,841,838,835,832,829,826,823,820,817,814,811,808,805,802,799,796,793,790,787,784,781,778,775,772,769,766,763,760,757,754
2015-2020,H. Reid,,,,,,,,,,,,,,,,,,,,,,,,,,,,,,,,,,,,,,,,,,,,,,,,,,,,,,,,,,,,,,,,,,,,,,,,,,,,,,,,,,,,,,,,,,,,,,,,,,,,,,,,,,,,,,,,,,,,,,,,,,,,,,,,,,,,,,,,,,,,,,,,,,,,,,,,,,,,,,,,,,,,,,,,,,,,,,,,,,,,,900,907,911,934,934,935,949,951,951,951,948,945,942,956,958,960,964,963,962,964,965,965,965,962,959,956,963,964,961,959,962,964,964,964,961,958,955,956,961,962,969,969,961,962,962,961,961,961,958,955,952,949,946,972,975,981,981,981,978,975,986,984,985,984,988,988,988,985,982,979,976,973,970,992,995,995,995,1008,1004,1004,1004,1001,998,984,979,986,976,974,978,975,976,976,976,973,970,967,964,961,958,955,952,949,946,943,940,937,934,931,928,925,922,919,916,913,910,907,904
2005-2010,J. Bayer,,,,,,,,,,,,,,,,,,,,,,,,,,,,,,,,,,,,,,,,,,,,,,,,,,,,,,,,,,,,,,,,,,,,,,,,,,,913,913,939,939,939,938,938,938,935,932,929,926,945,945,945,949,949,949,946,943,940,937,934,931,928,963,963,968,971,971,971,968,965,962,959,956,953,950,965,965,962,962,962,959,956,953,950,947,944,941,938,935,932,929,926,923,920,917,914,911,908,905,902,963,968,968,968,965,962,959,956,953,950,969,983,983,986,986,986,983,980,977,974,980,980,980,977,974,971,968,965,962,959,956,953,950,947,944,941,938,950,947,947,947,944,941,938,935,932,929,926,923,920,917,914,911,908,905,902,899,896,893,890,887,884,881,878,875,872,869,866,863,860,857,854,851,848,845,842,839,836,833,830,827,824,821,818,815,812,809,806,803,800,797,794,791,788,785,782,779,776,773,770,767,764,761,758,755,752,749,746,743,740,737,734,731,728,725,722,719,716,713,710,707,704,701,698,695,692,689,686,683,680,677,674,671,668,665,662,659,656,653,650,647,644,641,638,635,632,629,626,623,620,617,614,611,608,605,602,599,596,593,590
2015-2020,J. Bress,,,,,,,,,,,,,,,,,,,,,,,,,,,,,,,,,,,,,,,,,,,,,,,,,,,,,,,,,,,,,,,,,,,,,,,,,,,,,,,,,,,,,,,,,,,,,,,,,,,,,,,,,,,,,,,,,,,,,,,,,,,,,,,,,,,,,,,,,,,,,,,,,,,,,,,,,,,,,,,,,,,,,,,,,,,,,,,,,,,,,,,,,,,,,,937,937,937,934,950,953,954,953,955,959,959,960,960,960,957,956,956,962,962,971,970,968,968,968,965,962,966,966,971,972,969,967,968,976,980,980,980,977,978,978,978,975,972,969,984,967,967,967,964,974,974,969,971,971,969,969,969,966,963,960,957,954,951,948,945,971,974,966,977,977,977,974,971,968,965,962,973,972,974,974,974,971,968,965,962,959,956,953,950,947,944,941,938,935,932,929,926,923,920,917,914,911,908,905,902,899,896,893
2000-2005,J. Cahill,,,,,,,,,,,,,,,,870,870,870,867,864,917,917,917,914,911,919,919,934,934,934,931,928,950,950,950,947,944,956,956,956,953,952,952,952,957,957,957,954,951,967,967,964,964,975,975,975,986,986,986,983,980,977,989,989,989,993,993,993,985,985,985,982,979,976,992,992,989,989,989,986,983,994,994,994,991,988,985,982,979,1001,1001,1004,1004,1000,1000,1000,997,994,991,1002,1002,1006,1009,1009,1012,1005,1005,1005,1002,1008,1007,1007,1009,1009,999,999,997,997,997,994,991,988,998,998,998,991,997,997,997,994,991,988,985,1004,1004,1004,1001,994,994,994,991,988,985,982,979,976,973,970,967,964,1003,1003,999,999,1003,1003,1003,1000,998,998,992,992,986,991,991,991,988,982,982,982,979,976,973,970,967,964,994,994,994,991,989,989,989,976,976,974,981,981,981,982,982,982,979,994,994,992,992,992,989,984,984,984,981,978,975,972,969,966,963,960,957,954,951,948,945,942,939,936,933,930,927,924,921,918,915,912,909,906,903,900,897,894,891,888,885,882,879,876,873,870,867,864,861,858,855,852,849,846,843,840,837,834,831,828,825,822,819,816,813,810,807,804,801,798,795,792,789,786,783,780,777,774,771,768,765,762,759,756,753,750,747,744,741,738,735,732,729,726,723,720,717,714,711,708,705,702,699
2005-2010,J. Carrieri,,,,,,,,,,,,,,,,,,,,,,,,,,,,,,,,,,,,,,,,,,,,,,,,,,,,,,,,,,,,,,,942,942,942,951,951,951,944,944,944,941,952,952,948,948,945,945,945,942,939,936,933,930,927,924,921,918,915,957,957,957,954,951,948,945,942,939,936,970,970,970,967,964,961,958,955,952,949,946,943,940,973,973,973,970,967,964,961,958,955,952,949,946,994,994,994,991,988,985,982,979,976,973,970,967,999,1006,1004,1004,1004,1001,998,995,992,989,986,983,998,998,1002,1002,1002,999,996,993,990,987,984,981,978,993,993,993,990,987,984,981,978,975,972,969,966,990,990,984,984,984,981,978,975,972,969,966,963,960,957,954,951,948,945,942,939,936,933,930,927,924,921,918,915,912,909,906,903,900,897,894,891,888,885,882,879,876,873,870,867,864,861,858,989,989,990,990,990,987,984,981,978,975,972,969,966,963,960,957,954,951,948,945,942,939,936,933,986,986,980,980,980,977,974,971,968,965,962,982,982,982,979,976,973,970,967,964,961,958,955,952,949,946,991,991,991,988,985,982,979,976,973,970,967,964,961,958,955,952,949,946,943,940,937,934,931,928,925,922,919
2020-2025,J. Cebula,,,,,,,,,,,,,,,,,,,,,,,,,,,,,,,,,,,,,,,,,,,,,,,,,,,,,,,,,,,,,,,,,,,,,,,,,,,,,,,,,,,,,,,,,,,,,,,,,,,,,,,,,,,,,,,,,,,,,,,,,,,,,,,,,,,,,,,,,,,,,,,,,,,,,,,,,,,,,,,,,,,,,,,,,,,,,,,,,,,,,,,,,,,,,,,,,,,,,,,,,,,,,,,,,,,,,,,,,,,,,,,,,,,,,,,,,,,,,,,,,,,,,,,,,,,,,,,,,,,,,,,,,,,,,,,,,,,,,,,,,,,,,,949,949,953,953,955,957,960,964,966,975,975,975
2005-2010,J. Cooper,,,,,,,,,,,,,,,,,,,,,,,,,,,,,,,,,,,,,,,,,,,,,,,,,,,,,,,,,,,,,,,,,,,,,,,,,,,,,,,,,,,,,,,,,,,,,,,,,,,,939,939,943,949,949,949,946,943,940,937,934,931,928,925,922,956,956,956,953,950,947,944,941,938,935,932,941,941,941,938,935,932,929,926,923,920,917,914,911,908,905,902,899,896,893,890,887,884,881,878,875,956,956,961,961,964,964,964,961,958,955,967,967,969,972,972,966,966,962,962,962,959,956,953,950,947,944,949,949,949,946,943,940,937,934,931,928,925,922,919,916,913,910,907,904,901,898,895,892,889,886,883,880,877,874,871,868,865,862,859,856,853,850,847,844,841,838,835,832,829,826,823,984,984,981,981,981,978,975,972,969,966,963,960,957,982,969,969,969,966,963,960,957,954,951,948,945,942,939,936,933,930,927,924,921,918,915,912,909,906,903,900,897,894,891,888,885,882,879,876,873,870,867,864,861,858,855,852,849,846,843,840,837,834,831,828,825,822,819,816,813,810,807,804,801,798,795,792
2015-2020,J. Firmender,,,,,,,,,,,,,,,,,,,,,,,,,,,,,,,,,,,,,,,,,,,,,,,,,,,,,,,,,,,,,,,,,,,,,,,,,,,,,,,,,,,,,,,,,,,,,,,,,,,,,,,,,,,,,,,,,,,,,,,,,,,,,,,,,,,,,,,,,,,,,,,,,,,,,,,,,,,,,,,,,,,,,,,,,,,,,,,,,,,,,,,,,,,,,,,,,,,,,,,,,,,,,,,,,,,,,,,,,,,,,,,,,,,,,,,,,,,,,,,,,,,,,,,,,,,,,,,,,,,,,,,,,,,,,,,,,,,,,,,,976,976,976,973,970,967,964,961,958,955,952,949,946,943,940,937,934,931
2000-2005,J. Flores,,,,,,,,,,,,,,,,,,,,,,,,,,,,,,,,,,,905,905,905,914,914,914,911,913,913,913,923,923,923,920,917,928,928,926,926,932,932,932,934,939,939,939,942,942,942,939,936,944,944,944,943,943,943,940,937,934,931,928,925,922,919,916,913,910,907,904,901,898,895,892,889,886,883,880,877,874,871,868,865,862,859,856,853,850,847,844,841,838,835,832,829,826,823,820,817,814,811,808,805,802,799,796,793,790,787,784,781,778,775,772,769,766,763,760,757,754,751,748,745,742,739,736,733,730,727,724,721,718,715,712,709,706,703,700,697,694,691,688,685,682,679,676,673,670,667,664,661,658,655,652,649,646,643,640,637,634,631,628,625,622,619,616,613,610,607,604,601,598,595,592,589,586,583,580,577,574,571,568,565,562,559,556,553,550,547,544,541,538,535,532,529,526,523,520,517,514,511,508,505,502,499,496,493,490,487,484,481,478,475,472,469,466,463,460,457,454,451,448,445,442,439,436,433,430,427,424,421,418,415,412,409,406,403,400,397,394,391,388,385,382,379,376,373,370,367,364,361,358,355,352,349,346,343,340,337,334,331,328,325,322,319,316,313,310,307,304,301,298,295,292,289,286,283,280,277,274,271,268,265
2010-2015,J. Friedler,,,,,,,,,,,,,,,,,,,,,,,,,,,,,,,,,,,,,,,,,,,,,,,,,,,,,,,,,,,,,,,,,,,,,,,,,,,,,,,,,,,,,,,,,,,,,,,,,,,,,,,,,,,,,,,,,,,,,,,,,,,,,,,,,,,,,,,,,,,,,,,,,,,,,,,,,,,,,,,,,,,,,,,,,,,,,,,,,,,,,,,,,,,,,,,,,,,,,,,,,,,,,,,,,,,,,,,,,,,,,,,,,,,,,,,,,,,,,,,,,,,,,,,,,,,,,,,,955,959,959,978,978,978,975,972,969,966,963,960,957,954,951,948,945,942,939,936,933,930,927,924,921,918,915,912,909,906,903,900,897,894,891,888,885,882,879,876,873,870
2015-2020,J. Hill,,,,,,,,,,,,,,,,,,,,,,,,,,,,,,,,,,,,,,,,,,,,,,,,,,,,,,,,,,,,,,,,,,,,,,,,,,,,,,,,,,,,,,,,,,,,,,,,,,,,,,,,,,,,,,,,,,,,,,,,,,,,,,,,,,,,,,,,,,,,,,,,,,,,,,,,,,,,,,,,,,,,,,,,,,,,,,,,,,,,,,,,,,,,,,,,,,,,,,,,,,,,,,,906,906,906,903,956,956,956,953,950,947,944,941,938,935,932,929,926,923,920,917,914,911,908,905,902,899,896,893,890,887,884,881,878,875,872,869,866,863,860,857,854,851,848,845,842,839,836,969,982,979,975,984,987,986,986,986,983,980,985,981,975,979,982,986,986,986,983,980,977,985,987,987,986,987,983,971,986,987,987,987,984,981,978,994,994,992,999,1008,1006,1006,1006
2010-2015,J. Laterreur,,,,,,,,,,,,,,,,,,,,,,,,,,,,,,,,,,,,,,,,,,,,,,,,,,,,,,,,,,,,,,,,,,,,,,,,,,,,,,,,,,,,,,,,,,,,,,,,,,,,,,,,,,,,,,,,,,,,,,,,,,,,,,,,,,,,,,,,954,954,962,962,962,959,956,953,950,947,944,941,938,935,932,929,926,923,920,917,914,911,908,905,902,970,970,965,965,965,962,959,956,953,953,953,953,950,947,944,941,938,935,932,929,926,923,920,961,961,961,958,955,952,949,946,943,940,937,934,931,928,925,922,919,916,913,910,907,904,901,898,895,892,889,886,883,880,877,874,871,868,865,862,859,856,853,850,847,844,841,838,835,832,829,826,823,820,970,970,970,967,964,961,958,955,952,949,946,943,940,937,934,931,928,925,922,919,916,913,910,907,904,901,898,895,892,889,886,883,880,877,874,871,868,865,862,859,856,853,850,847,844,841,838,835,832,829,826,823,820,817,814,811,808,805,802,799,796,793,790,787
2015-2020,J. Mase,,,,,,,,,,,,,,,,,,,,,,,,,,,,,,,,,,,,,,,,,,,,,,,,,,,,,,,,,,,,,,,,,,,,,,,,,,,,,,,,,,,,,,,,,,,,,,,,,,,,,,,,,,,,,,,,,,,,,,,,,,,,,,,,,,,,,,,,,,,,,,,,,,,,,,,,,,,,,,,,,,,,,,,,,,,,,,,,,,,,,,,,,,,,,,,,,,,,,,,,,,,,,,,,,,,,,,,,,,,,,,,,,,,,,,,,,,,,,,,,,,,,,,,,,,,,,,,,,,,,,,,,,,,,,,,,,,,,,,964,974,980,980,980,977,974,971,968,965,962,959,956,953,950,947,944,941,938,935
2020-2025,J. Mucelli,,,,,,,,,,,,,,,,,,,,,,,,,,,,,,,,,,,,,,,,,,,,,,,,,,,,,,,,,,,,,,,,,,,,,,,,,,,,,,,,,,,,,,,,,,,,,,,,,,,,,,,,,,,,,,,,,,,,,,,,,,,,,,,,,,,,,,,,,,,,,,,,,,,,,,,,,,,,,,,,,,,,,,,,,,,,,,,,,,,,,,,,,,,,,,,,,,,,,,,,,,,,,,,,,,,,,,,,,,,,,,,,,,,,,,,,,,,,,,,,,,,,,,,,,,,,,,,,,,,,,,,,,,,,,,,,,,,,,,,,,,,,,,965,965,965,961,964,967,970,973,975,975,973,973
1990-2000,J. Nickel,,,,,,,,,,,,,,,,,,,,,,,,910,910,943,943,930,930,930,927,924,934,934,934,931,928,925,922,919,916,932,932,932,929,926,923,920,917,914,911,908,905,902,899,896,893,890,887,884,881,878,875,872,869,866,863,860,947,947,947,944,941,938,935,932,929,926,923,920,917,914,911,908,905,902,963,963,963,960,960,960,957,954,951,948,945,942,939,965,965,965,962,959,956,953,950,947,944,941,938,935,932,929,960,960,960,957,954,951,948,945,942,939,936,933,930,927,924,921,918,915,912,909,906,903,900,897,894,891,888,885,882,879,876,873,870,867,864,861,858,855,852,849,846,843,840,837,834,831,828,825,822,819,816,813,810,807,804,801,798,795,792,789,786,783,780,777,774,771,768,765,762,759,756,753,750,747,744,741,738,735,732,729,726,723,720,717,714,711,708,705,702,699,696,693,690,687,684,681,678,675,672,669,666,663,660,657,654,651,648,645,642,639,636,633,630,627,624,621,618,615,612,609,606,603,600,597,594,591,588,585,582,579,576,573,570,567,564,561,558,555,552,549,546,543,540,537,534,531,528,525,522,519,516,513,510,507,504,501,498,495,492,489,486,483,480,477,474,471,468,465,462,459,456,453,450,447,444,441,438,435,432,429,426,423,420
1990-2000,J. Proud,930,930,930,927,928,928,928,925,920,920,920,917,914,911,908,905,902,899,896,893,941,941,941,940,940,938,938,932,932,932,929,926,931,931,931,928,925,942,942,942,939,939,939,939,936,933,930,927,924,913,913,916,916,929,929,929,926,923,920,917,914,911,908,905,902,899,896,893,890,887,884,881,878,875,872,869,866,863,860,857,854,851,848,845,842,839,836,833,830,950,950,949,949,949,946,943,940,957,957,957,954,951,948,945,942,939,936,933,930,927,924,921,918,915,951,951,951,948,945,942,939,936,933,930,927,924,921,918,915,912,909,906,903,900,897,894,891,888,885,882,879,876,873,870,867,864,861,858,855,852,849,846,843,840,837,834,831,828,825,822,819,816,813,810,807,804,801,798,795,792,789,786,783,780,777,774,771,768,765,762,759,756,753,750,747,744,741,738,735,732,729,726,723,720,717,714,711,708,705,702,699,696,693,690,687,684,681,678,675,672,669,666,663,660,657,654,651,648,645,642,639,636,633,630,627,624,621,618,615,612,609,606,603,600,597,594,591,588,585,582,579,576,573,570,567,564,561,558,555,552,549,546,543,540,537,534,531,528,525,522,519,516,513,510,507,504,501,498,495,492,489,486,483,480,477,474,471,468,465,462,459,456,453,450,447,444,441,438,435,432,429,426,423,420,417,414,411
2015-2020,J. Tamosaitis,,,,,,,,,,,,,,,,,,,,,,,,,,,,,,,,,,,,,,,,,,,,,,,,,,,,,,,,,,,,,,,,,,,,,,,,,,,,,,,,,,,,,,,,,,,,,,,,,,,,,,,,,,,,,,,,,,,,,,,,,,,,,,,,,,,,,,,,,,,,,,,,,,,,,,,,,,,,,,,,,,,,,,,,,,,,,,,,,,,,,,,,,,,,,,,,,,,,,,,,,,,,,,,,,,,,,,,,,,,,,,,,,,,,,,,,,,,973,974,974,974,977,977,967,967,972,977,978,976,983,975,975,975,972,969,970,977,979,978,980,978,974,977,977,977,974,971,968,965,989,989,989,988,988,988,985,982,979,976,973,986,986,986,989,989,989,990,990,990,987,984,981,978,995,991,991,996,996,1006,1006
2005-2010,J. Tavolacci,,,,,,,,,,,,,,,,,,,,,,,,,,,,,,,,,,,,,,,,,,,,,,,,,,,,,,,,,,,,,,,,,,,,,,,,,,,,,,,,,,,,,,,,,,,,,,,,,,,,,,,,,,,,,,,,,,,,,,,,,,946,942,939,939,951,958,961,961,961,958,955,952,949,946,943,940,937,934,931,928,925,922,919,916,913,910,907,904,901,898,895,892,889,886,883,880,877,874,871,868,865,862,859,856,853,850,847,844,841,838,835,832,829,826,823,820,817,814,811,808,805,802,799,796,793,790,787,784,781,778,775,772,769,766,763,760,757,754,751,748,745,742,739,736,733,730,727,724,721,718,715,712,709,706,703,700,697,694,691,688,685,682,679,676,673,670,667,664,661,658,655,652,649,646,643,640,637,634,631,628,625,622,619,616,613,610,607,604,601,598,595,592,589,586,583,580,577,574,571,568,565,562,559,556,553,550,547,544,541,538,535,532,529,526,523,520,517,514,511,508,505,502,499,496,493,490,487,484,481,478,475,472,469,466,463,460
2020-2025,K. Lumsden,,,,,,,,,,,,,,,,,,,,,,,,,,,,,,,,,,,,,,,,,,,,,,,,,,,,,,,,,,,,,,,,,,,,,,,,,,,,,,,,,,,,,,,,,,,,,,,,,,,,,,,,,,,,,,,,,,,,,,,,,,,,,,,,,,,,,,,,,,,,,,,,,,,,,,,,,,,,,,,,,,,,,,,,,,,,,,,,,,,,,,,,,,,,,,,,,,,,,,,,,,,,,,,,,,,,,,,,,,,,,,,,,,,,,,,,,,,,,,,,,,,,,,,,,,,,,,,,,,,,,,,,,,,,,,,,,,,948,950,949,959,963,972,977,983,983,989,989,989,991,991,990,990,989,991,990,990,990,987,984
2015-2020,K. Strout,,,,,,,,,,,,,,,,,,,,,,,,,,,,,,,,,,,,,,,,,,,,,,,,,,,,,,,,,,,,,,,,,,,,,,,,,,,,,,,,,,,,,,,,,,,,,,,,,,,,,,,,,,,,,,,,,,,,,,,,,,,,,,,,,,,,,,,,,,,,,,,,,,,,,,,,,,,,,,,,,,,,,,,,,,,,,,,,,,,,,,,,,,,,,,,,,,,,,,,,,,,,,,,,,,,968,968,968,965,962,959,956,953,950,947,944,941,938,935,932,929,926,923,920,917,914,911,908,905,902,899,896,893,890,887,884,881,878,875,872,869,866,863,860,857,854,851,848,845,842,839,836,833,830,827,824,821,818,815,812,809,806,803,800,797,794,791,788,785,782,779,776,773,770,767,764,761,758,755,752,749,746,743,740,737,734,731,728,725,722,719,716
2015-2020,K. Sykes,,,,,,,,,,,,,,,,,,,,,,,,,,,,,,,,,,,,,,,,,,,,,,,,,,,,,,,,,,,,,,,,,,,,,,,,,,,,,,,,,,,,,,,,,,,,,,,,,,,,,,,,,,,,,,,,,,,,,,,,,,,,,,,,,,,,,,,,,,,,,,,,,,,,,,,,,,,,,,,,,,,,,,,,,,,,,,,,,,,,,,,,,,,,,,,,,,,,,,,,,,,,,,,,,,,,,,,,,,,,,,,,,,,,,,,,,,,,,,,,,955,956,950,955,967,964,975,976,976,976,973,982,980,980,986,986,984,984,983,983,983,980,977,974,985,983,984,985,988,986,989,987,987,987,984,981,978,975,972,969,966,963,960,957,954,951,948,945,942,939,955,960,966,967,970,978,978
2020-2025,L. Seguin,,,,,,,,,,,,,,,,,,,,,,,,,,,,,,,,,,,,,,,,,,,,,,,,,,,,,,,,,,,,,,,,,,,,,,,,,,,,,,,,,,,,,,,,,,,,,,,,,,,,,,,,,,,,,,,,,,,,,,,,,,,,,,,,,,,,,,,,,,,,,,,,,,,,,,,,,,,,,,,,,,,,,,,,,,,,,,,,,,,,,,,,,,,,,,,,,,,,,,,,,,,,,,,,,,,,,,,,,,,,,,,,,,,,,,,,,,,,,,,,,,,,,,,,,,,,,,,,,,,,,,,,,,,,,,,,,,973,974,974,974,975,972,973,972,972,969,973,972,972,972,969,966,963,960,957,954,951,948,945,942
1990-2000,L. Steffen,930,930,930,927,935,935,935,932,942,942,942,939,936,946,946,939,939,928,928,928,925,925,925,922,919,916,913,910,907,904,901,898,895,892,889,886,883,880,877,874,871,868,865,862,859,856,853,850,847,844,841,838,835,832,829,826,823,820,817,814,811,808,805,802,799,796,793,790,787,784,781,778,775,772,769,766,763,760,757,754,751,748,745,742,739,736,733,730,727,724,721,718,715,712,709,706,703,700,697,694,691,688,685,682,679,676,673,670,667,664,661,658,655,652,649,646,643,640,637,634,631,628,625,622,619,616,613,610,607,604,601,598,595,592,589,586,583,580,577,574,571,568,565,562,559,556,553,550,547,544,541,538,535,532,529,526,523,520,517,514,511,508,505,502,499,496,493,490,487,484,481,478,475,472,469,466,463,460,457,454,451,448,445,442,439,436,433,430,427,424,421,418,415,412,409,406,403,400,397,394,391,388,385,382,379,376,373,370,367,364,361,358,355,352,349,346,343,340,337,334,331,328,325,322,319,316,313,310,307,304,301,298,295,292,289,286,283,280,277,274,271,268,265,262,259,256,253,250,247,244,241,238,235,232,229,226,223,220,217,214,211,208,205,202,199,196,193,190,187,184,181,178,175,172,169,166,163,160,157,154,151,148,145,142,139,136,133,130,127,124,121,118,115,112,109,106,103
2000-2005,M. Buono,,,,,,,,,,,,,,,,870,870,870,867,864,882,882,882,879,876,897,897,901,901,901,898,895,916,916,921,921,921,920,920,920,917,913,913,913,910,907,908,908,908,925,925,925,922,940,940,940,949,950,949,949,949,946,955,955,955,961,961,961,957,957,957,954,951,948,952,952,952,949,946,959,959,959,956,953,950,947,962,962,962,969,969,966,966,966,963,960,957,954,951,984,984,977,988,988,987,980,980,980,977,981,978,974,973,973,976,976,973,973,973,970,967,975,980,980,980,979,968,968,968,965,962,959,956,953,950,952,952,966,970,970,972,972,972,969,966,963,960,957,954,951,974,974,979,979,976,976,976,974,979,979,979,974,977,977,977,974,971,968,965,962,959,956,953,950,947,944,941,938,935,932,929,926,923,920,917,914,911,908,905,902,899,896,893,890,887,884,881,878,875,872,869,866,863,860,857,854,851,848,845,842,839,836,833,830,827,824,821,818,815,812,809,806,803,800,797,794,791,788,785,782,779,776,773,770,767,764,761,758,755,752,749,746,743,740,737,734,731,728,725,722,719,716,713,710,707,704,701,698,695,692,689,686,683,680,677,674,671,668,665,662,659,656,653,650,647,644,641,638,635,632,629,626,623,620,617,614,611,608,605,602,599,596,593,590,587,584,581
2020-2025,M. Geffert,,,,,,,,,,,,,,,,,,,,,,,,,,,,,,,,,,,,,,,,,,,,,,,,,,,,,,,,,,,,,,,,,,,,,,,,,,,,,,,,,,,,,,,,,,,,,,,,,,,,,,,,,,,,,,,,,,,,,,,,,,,,,,,,,,,,,,,,,,,,,,,,,,,,,,,,,,,,,,,,,,,,,,,,,,,,,,,,,,,,,,,,,,,,,,,,,,,,,,,,,,,,,,,,,,,,,,,,,,,,,,,,,,,,,,,,,,,,,,,,,,,,,,,,,,,,,,,,,,,,,,,,,962,959,964,966,969,972,972,972,969,966,963,960,957,954,979,980,985,985,996,996,996,993,990,987,990,988,987,993,999,999,1000,1000,1000
2005-2010,M. Jackson,,,,,,,,,,,,,,,,,,,,,,,,,,,,,,,,,,,,,,,,,,,,,,,,,,,,,,,,,,,,,,,,,,,,,,,,,,,,,,,,,,,,,,,,,,,,,,,,,,947,947,948,948,948,945,945,945,942,939,936,933,930,927,924,921,918,944,944,944,941,938,935,932,929,926,923,920,917,914,911,908,905,902,899,896,893,890,887,884,881,878,875,872,869,866,863,860,857,854,851,848,845,842,839,836,833,830,827,824,821,818,815,812,809,806,803,800,797,794,791,788,785,782,779,776,773,770,767,764,761,758,755,752,749,746,743,740,737,734,731,728,725,722,719,716,713,710,707,704,701,698,695,692,689,686,683,680,677,674,671,668,665,662,659,656,653,650,647,644,641,638,635,632,629,626,623,620,617,614,611,608,605,602,599,596,593,590,587,584,581,578,575,572,569,566,563,560,557,554,551,548,545,542,539,536,533,530,527,524,521,518,515,512,509,506,503,500,497,494,491,488,485,482,479,476,473,470,467,464,461,458,455,452,449,446,443,440,437,434,431,428,425,422,419,416,413,410,407,404
2005-2010,M. Lyons,,,,,,,,,,,,,,,,,,,,,,,,,,,,,,,,,,,,,,,,,,,,,,,,,,,,,,,,,,,,,,,,,,,,,,,,,,,943,943,937,937,937,938,938,938,935,932,929,926,923,920,917,914,911,908,905,902,899,896,893,890,887,884,881,878,875,872,869,866,863,860,857,854,851,848,845,842,839,836,833,830,827,824,821,929,934,930,949,949,945,945,945,942,939,936,933,930,927,924,921,918,915,912,909,906,903,900,897,894,891,888,885,882,879,876,873,870,867,864,861,858,855,852,943,961,961,961,958,955,952,949,946,943,940,937,934,931,928,925,922,919,916,913,910,907,904,901,898,895,892,889,886,883,880,877,874,871,868,865,862,859,856,853,850,847,844,841,838,835,832,829,826,823,820,817,814,811,808,805,802,799,796,793,790,957,957,957,954,951,948,945,942,939,936,933,930,927,924,921,918,915,912,909,906,903,900,897,894,891,888,885,882,879,876,873,870,867,864,861,858,855,852,849,846,843,840,837,834,831,828,825,822,819,816,813,810,807,804,801,798,795,792,789,786,783,780,777,774,771,768,765,762,759,756,753,750,747,744,741,738
2005-2010,M. Manalo,,,,,,,,,,,,,,,,,,,,,,,,,,,,,,,,,,,,,,,,,,,,,,,,,,,,,,,,,,,,,,,,,,,,,,,,,,,,,,,,,,,,,,,,,,,,,,,,,,,,,,,973,973,973,970,967,964,961,955,955,968,972,972,964,964,969,969,969,966,963,966,979,981,979,978,977,977,977,974,971,968,965,982,982,977,984,984,969,969,969,968,968,968,970,970,970,972,972,972,957,962,965,965,972,972,972,977,979,980,980,981,977,978,978,981,981,978,978,982,981,981,981,978,983,983,980,980,980,977,974,971,968,971,971,969,975,975,975,988,988,981,981,980,980,987,987,987,984,981,978,975,972,969,973,973,977,977,977,974,971,978,977,977,977,974,971,968,965,984,971,971,971,980,980,980,977,976,976,976,973,970,967,964,968,968,968,965,962,959,956,953,950,947,944,973,973,976,976,976,973,981,981,982,982,981,980,980,987,977,977,977,974,981,981,975,975,990,981,977,979,979,979,976,973,970,967,964,961,958,985,985,985,981,981,981,978,975,972,969,966,963,960,957,954,951,948
1990-2000,M. Mattioli,905,905,905,902,888,888,888,885,894,894,894,891,888,885,882,879,876,873,870,867,886,886,886,883,880,877,874,871,868,865,862,859,856,853,850,847,844,841,838,835,832,829,826,823,820,817,814,811,808,919,919,919,916,914,914,914,920,920,920,917,914,911,908,905,902,899,896,893,890,887,884,881,878,875,872,869,866,863,860,857,854,851,848,845,842,839,836,833,830,827,824,821,818,815,812,809,806,803,800,797,794,791,788,785,782,779,776,773,770,767,764,761,758,755,752,749,746,743,740,737,734,731,728,725,722,719,716,713,710,707,704,701,698,695,692,689,686,683,680,677,674,671,668,665,662,659,656,653,650,647,644,641,638,635,632,629,626,623,620,617,614,611,608,605,602,599,596,593,590,587,584,581,578,575,572,569,566,563,560,557,554,551,548,545,542,539,536,533,530,527,524,521,518,515,512,509,506,503,500,497,494,491,488,485,482,479,476,473,470,467,464,461,458,455,452,449,446,443,440,437,434,431,428,425,422,419,416,413,410,407,404,401,398,395,392,389,386,383,380,377,374,371,368,365,362,359,356,353,350,347,344,341,338,335,332,329,326,323,320,317,314,311,308,305,302,299,296,293,290,287,284,281,278,275,272,269,266,263,260,257,254,251,248,245,242,239,236,233,230,227,224,221,218,215,212,209,206
1990-2000,M. Proud,,,,,808,808,808,805,802,799,796,793,790,787,784,781,778,775,772,769,766,763,760,757,754,751,748,745,742,739,736,733,730,727,724,721,718,715,712,709,706,703,700,697,694,691,688,685,682,679,676,673,670,667,664,661,658,655,652,649,646,643,640,637,634,631,628,625,622,619,616,613,610,607,604,601,598,595,592,589,586,583,580,577,574,571,568,565,562,559,556,553,550,547,544,541,538,535,532,529,526,523,520,517,514,511,508,505,502,499,496,493,490,487,484,481,478,475,472,469,466,463,460,457,454,451,448,445,442,439,436,433,430,427,424,421,418,415,412,409,406,403,400,397,394,391,388,385,382,379,376,373,370,367,364,361,358,355,352,349,346,343,340,337,334,331,328,325,322,319,316,313,310,307,304,301,298,295,292,289,286,283,280,277,274,271,268,265,262,259,256,253,250,247,244,241,238,235,232,229,226,223,220,217,214,211,208,205,202,199,196,193,190,187,184,181,178,175,172,169,166,163,160,157,154,151,148,145,142,139,136,133,130,127,124,121,118,115,112,109,106,103,100,97,94,91,88,85,82,79,76,73,70,67,64,61,58,55,52,49,46,43,40,37,34,31,28,25,22,19,16,13,10,7,4,1,-2,-5,-8,-11,-14,-17,-20,-23,-26,-29,-32,-35,-38,-41,-44,-47,-50,-53,-56,-59,-62
2015-2020,M. Rivera,,,,,,,,,,,,,,,,,,,,,,,,,,,,,,,,,,,,,,,,,,,,,,,,,,,,,,,,,,,,,,,,,,,,,,,,,,,,,,,,,,,,,,,,,,,,,,,,,,,,,,,,,,,,,,,,,,,,,,,,,,,,,,,,,,,,,,,,,,,,,,,,,,,,,,,,,,,,,,,,,,,,,,,,,,,,,,,,,,,,,,,,,,,,,,,,,,,,,,,,,,,,,,,,,,,,,,,,,,,,,,,,,,,,,,,,,,,,,,,,,,,,,,,,,,,,,,972,974,974,974,971,968,965,962,959,956,953,950,947,944,976,994,998,1008,1001,1001,1001,998,995,992,1000,1000,1000,997,997,996,996,996,993,990,987,999,999,995,995,988,993,997,993,993
2005-2010,M. Rodriguez,,,,,,,,,,,,,,,,,,,,,,,,,,,,,,,,,,,,,,,,,,,,,,,,,,,,,,,,,,,,,,,,,,,,,,,,,,,,,,,,936,936,936,933,930,927,924,921,918,915,912,909,906,903,900,897,894,891,888,885,882,879,876,873,870,867,864,861,858,855,852,849,846,843,840,837,834,831,828,825,822,819,816,813,810,807,804,801,798,795,792,789,786,783,780,777,774,771,768,765,762,759,925,925,925,922,919,916,913,910,907,939,939,961,961,961,958,955,952,949,946,943,940,954,954,954,951,948,945,942,939,936,933,930,927,924,921,960,960,960,957,954,951,948,945,942,939,936,933,930,927,924,921,918,915,912,909,906,903,900,897,894,891,888,885,882,879,876,873,870,867,864,861,858,855,852,849,846,843,840,837,834,831,828,825,822,819,816,813,810,807,804,801,798,795,792,789,786,783,780,777,774,771,768,765,762,998,998,971,971,971,968,965,962,959,956,953,950,947,944,941,938,935,932,929,926,923,920,917,914,911,908,905,902,899,896,893,890,887,884,881,878,875,872,869,866,863,860,857,854,851,848,845,842,839,836,833,830
2005-2010,M. Zorovich,,,,,,,,,,,,,,,,,,,,,,,,,,,,,,,,,,,,,,,,,,,,,,,,,,,,,,,,,,,,,,,,,,,,,,,,,,,,,,,,,,,,,,,,,,,,,,,,,,,,,,,,,,,,,,,,,,,,,,,,,,,,,,,,,,,,,,,,,,,,,,940,940,940,937,934,931,948,948,948,946,946,946,943,940,937,934,931,928,925,922,919,916,913,910,907,904,901,898,895,892,889,886,883,880,877,874,871,868,865,862,859,856,853,850,847,844,841,838,835,832,829,826,949,949,951,954,958,961,961,961,958,955,952,949,946,943,940,937,934,931,928,925,922,919,916,913,910,907,904,901,898,895,892,889,886,883,880,877,874,871,868,865,862,859,856,853,850,847,844,841,838,835,832,829,826,823,820,817,814,811,808,805,802,799,796,793,790,787,784,781,778,775,772,769,766,763,760,757,754,751,748,745,742,739,736,733,730,727,724,721,718,715,712,709,706,703,700,697,694,691,688,685,682,679,676,673
2015-2020,N. Grimes,,,,,,,,,,,,,,,,,,,,,,,,,,,,,,,,,,,,,,,,,,,,,,,,,,,,,,,,,,,,,,,,,,,,,,,,,,,,,,,,,,,,,,,,,,,,,,,,,,,,,,,,,,,,,,,,,,,,,,,,,,,,,,,,,,,,,,,,,,,,,,,,,,,,,,,,,,,,,,,,,,,,,,,,,,,,,,,,,,,,,,,,,,,,,,963,963,963,960,965,964,964,960,958,958,958,955,952,949,946,943,940,937,950,958,958,958,955,952,949,946,943,940,962,962,962,970,970,970,967,964,961,958,955,952,949,946,943,940,937,934,931,928,925,922,919,916,913,910,907,904,901,898,895,892,889,886,883,880,877,874,871,868,865,862,859,856,853,850,847,844,841,838,835,832,829,826,823,820,817,814,811,808,805,802,799,796,793,790,787,784,781,778,775,772,769,766,763,760,757,754,751,748
2005-2010,P. Barnett,,,,,,,,,,,,,,,,,,,,,,,,,,,,,,,,,,,,,,,,,,,,,,,,,,,,,,,,,,,,,,,,,,,,,,,,,,,951,951,936,936,936,933,930,938,938,938,935,932,937,937,937,944,944,944,941,938,935,932,929,926,923,954,954,961,961,961,958,955,952,949,946,964,964,964,963,963,946,946,946,943,940,937,934,931,928,925,948,948,948,945,942,939,936,933,930,927,924,921,918,969,969,969,966,963,960,957,954,951,948,968,968,968,965,962,959,956,953,950,947,944,941,938,991,971,977,977,969,969,969,966,963,960,959,959,959,955,951,951,951,948,945,942,939,936,933,930,927,924,921,918,915,949,949,949,946,943,940,937,943,937,959,959,963,963,963,960,957,954,951,948,945,942,939,936,933,930,927,924,921,918,915,912,909,906,903,900,897,894,891,888,885,882,879,876,873,870,867,864,861,858,855,852,849,846,843,840,837,834,831,828,825,822,819,816,813,810,807,804,801,798,795,792,789,786,783,780,777,774,771,768,765,762,759,756,753,750,747,744,741,738,735,732,729,726,723,720,717,714,711,708,705,702,699,696,693,690,687,684,681
2015-2020,P. Joslin,,,,,,,,,,,,,,,,,,,,,,,,,,,,,,,,,,,,,,,,,,,,,,,,,,,,,,,,,,,,,,,,,,,,,,,,,,,,,,,,,,,,,,,,,,,,,,,,,,,,,,,,,,,,,,,,,,,,,,,,,,,,,,,,,,,,,,,,,,,,,,,,,,,,,,,,,,,,,,,,,,,,,,,,,,,,,,,,,,,,,,,,,,,,,,,,,,,,,,,,,,,,,,,,,,,,,,,,,,,,,,,,,,,,,,,,,,,,,,,,,,,,,,,995,995,995,992,989,986,980,982,982,979,979,979,976,973,970,967,964,961,971,971,971,968,965,962,959,956,953,950,947,944,941,938,935,932,929,926,923,920,917,914,911,908,905,902,899,896,893,890,887,884,881
2005-2010,P. Marchand,,,,,,,,,,,,,,,,,,,,,,,,,,,,,,,,,,,,,,,,,,,,,,,,,,,,,,,,,,,,,,,,,,,,,,,,,,,,,,,,,,,,,,,,,,941,941,941,938,935,932,929,926,923,920,917,914,911,908,905,902,899,896,893,890,887,884,881,878,875,872,869,866,863,860,857,854,851,848,845,842,839,836,833,830,827,824,821,818,949,949,949,946,961,961,961,958,955,952,949,946,943,940,962,962,962,959,956,953,950,947,944,941,938,935,932,929,926,923,920,917,914,911,908,905,902,899,896,893,890,887,884,881,878,875,872,869,866,863,860,857,854,851,848,845,842,839,836,833,830,827,824,821,818,815,812,809,806,803,800,797,794,791,788,785,782,779,776,773,770,767,764,761,758,755,752,749,746,743,740,737,734,731,728,725,722,719,716,713,710,707,704,701,698,695,692,689,686,683,680,677,674,671,668,665,662,659,656,653,650,647,644,641,638,635,632,629,626,623,620,617,614,611,608,605,602,599,596,593,590,587,584,581,578,575,572,569,566,563,560,557,554,551,548,545,542,539,536,533,530,527,524,521
2010-2015,P. Russo,,,,,,,,,,,,,,,,,,,,,,,,,,,,,,,,,,,,,,,,,,,,,,,,,,,,,,,,,,,,,,,,,,,,,,,,,,,,,,,,,,,,,,,,,,,,,,,,,,,,,,,,,,,,,,,,,,,,,,,,,,,,,,,,,,,,,,,,,,,,,,,,,,,,,,,,,,,,,,,,,,,,,,,,,,,,,,,,,,,,,,,,,,,,,,,,,,,,,,,,,,,,,,,,,,,,,,,,,,,,,,,,,,,,,,,,,,,,,,,,,965,965,968,980,960,963,976,976,976,973,970,967,964,961,958,955,952,949,946,943,940,937,934,931,928,925,922,919,916,913,910,907,904,901,898,895,892,889,886,883,880,877,874,871,868,865,862,859,856,853,850,847,844,841,838,835,832
2000-2005,P. Skidd,892,892,892,889,886,883,880,877,883,883,883,880,877,874,871,868,865,862,859,856,886,886,886,883,880,877,874,871,868,865,862,859,856,853,850,847,844,841,838,835,832,829,826,823,820,817,814,811,808,805,802,799,796,793,790,787,784,781,778,775,772,769,766,763,760,757,754,751,748,745,742,739,736,733,730,727,724,721,718,715,712,709,706,703,700,697,694,691,688,685,682,679,676,673,670,667,664,661,658,655,652,649,646,643,640,637,634,631,628,625,622,619,616,613,610,607,604,601,598,595,592,589,586,583,580,577,574,571,568,565,562,559,556,553,550,547,544,541,538,535,532,529,526,523,520,517,514,511,508,505,502,499,496,493,490,487,484,481,478,475,472,469,466,463,460,457,454,451,448,445,442,439,436,433,430,427,424,421,418,415,412,409,406,403,400,397,394,391,388,385,382,379,376,373,370,367,364,361,358,355,352,349,346,343,340,337,334,331,328,325,322,319,316,313,310,307,304,301,298,295,292,289,286,283,280,277,274,271,268,265,262,259,256,253,250,247,244,241,238,235,232,229,226,223,220,217,214,211,208,205,202,199,196,193,190,187,184,181,178,175,172,169,166,163,160,157,154,151,148,145,142,139,136,133,130,127,124,121,118,115,112,109,106,103,100,97,94,91,88,85,82,79,76,73,70,67,64
2015-2020,R. Denny,,,,,,,,,,,,,,,,,,,,,,,,,,,,,,,,,,,,,,,,,,,,,,,,,,,,,,,,,,,,,,,,,,,,,,,,,,,,,,,,,,,,,,,,,,,,,,,,,,,,,,,,,,,,,,,,,,,,,,,,,,,,,,,,,,,,,,,,,,,,,,,,,,,,,,,,,,,,,,,,,,,,,,,,,,,,,,,,,,,,,,,,,,,,,,,,,,,,,,,,,,,,,,,,,,,,,,,,,,,,,,,,,,,,,,,,,,,,,,,,,,,921,944,944,969,969,969,972,972,972,969,970,971,983,982,986,984,984,984,981,978,975,972,969,966,963,960,957,954,951,948,945,942,939,936,933,930,927,924,921,918,915,912,909,906,903,900,897,894,891,888,885,882,879,876,873
2015-2020,R. Douglas,,,,,,,,,,,,,,,,,,,,,,,,,,,,,,,,,,,,,,,,,,,,,,,,,,,,,,,,,,,,,,,,,,,,,,,,,,,,,,,,,,,,,,,,,,,,,,,,,,,,,,,,,,,,,,,,,,,,,,,,,,,,,,,,,,,,,,,,,,,,,,,,,,,,,,,,,,,,,,,,,,,,,,,,,,,,,,,,,,,,,,,,,,,,,,,,,,,,,,,,,,,,,,,,,,,,,,,,,,,,,,,,,,,,,,,,,,966,962,973,969,969,969,966,963,960,957,954,951,948,945,942,939,936,933,930,972,971,973,983,978,970,974,975,975,975,972,969,966,963,960,957,954,951,948,945,942,939,936,933,930,927,924,921,918,915,912,909,906,903,900,897,894,891,888,885,882,879,876,873,870
2000-2005,S. Ditter,,,,,,,,,881,881,881,878,875,891,891,896,896,896,893,890,903,903,903,900,897,894,891,888,885,882,879,876,873,870,867,864,861,858,855,852,849,846,843,840,837,834,831,828,825,822,819,816,813,810,807,804,801,798,795,792,789,786,925,925,925,934,934,934,931,928,925,922,919,916,913,910,907,904,901,898,895,892,889,886,883,880,877,874,871,868,865,862,859,856,853,850,847,844,841,838,835,832,829,826,823,820,817,814,811,808,805,802,799,796,793,790,787,784,781,778,775,772,769,936,943,943,943,940,937,934,931,928,925,922,919,916,913,910,907,904,901,898,895,892,889,886,883,880,877,874,871,868,865,862,859,856,853,850,847,844,841,838,835,832,829,826,823,820,817,814,811,808,805,802,799,796,793,790,787,784,781,778,775,772,769,766,763,760,757,754,751,748,745,742,739,736,733,730,727,724,721,718,715,712,709,706,703,700,697,694,691,688,685,682,679,676,673,670,667,664,661,658,655,652,649,646,643,640,637,634,631,628,625,622,619,616,613,610,607,604,601,598,595,592,589,586,583,580,577,574,571,568,565,562,559,556,553,550,547,544,541,538,535,532,529,526,523,520,517,514,511,508,505,502,499,496,493,490,487,484,481,478,475,472,469,466,463,460,457,454,451,448,445,442,439,436,433
2020-2025,S. Durning,,,,,,,,,,,,,,,,,,,,,,,,,,,,,,,,,,,,,,,,,,,,,,,,,,,,,,,,,,,,,,,,,,,,,,,,,,,,,,,,,,,,,,,,,,,,,,,,,,,,,,,,,,,,,,,,,,,,,,,,,,,,,,,,,,,,,,,,,,,,,,,,,,,,,,,,,,,,,,,,,,,,,,,,,,,,,,,,,,,,,,,,,,,,,,,,,,,,,,,,,,,,,,,,,,,,,,,,,,,,,,,,,,,,,,,,,,,,,,,,,,,,,,,,,,,,,,,,,,,,,,,,,,,,,,,,,,,,,974,969,978,978,974,979,982,985,985,985,982,981,981,982,988,985,994,993,993,996,997
2005-2010,S. Sanchez,,,,,,,,,,,,,,,,,,,,,,,,,,,,,,,,,,,,,,,,,,,,,,,,,,,,,,,,,,,,,,,,,,,,,,,,,,,,,,,,,,,,,,,,,,,,,,,,,,,,,,,,,,,,,,,,,,,,,,,,,,966,966,966,963,960,957,954,951,948,945,942,939,968,968,968,965,962,959,956,953,950,947,944,941,938,935,932,929,926,923,920,917,914,911,908,905,902,899,896,893,890,887,884,881,878,875,872,869,866,863,860,857,854,851,848,845,842,839,836,833,830,827,824,821,818,815,812,809,806,803,800,797,794,791,788,785,782,779,776,773,770,767,764,761,758,755,752,749,746,743,740,737,734,731,728,725,722,719,716,713,710,707,704,701,698,695,692,689,686,683,680,677,674,671,668,665,662,659,656,653,650,647,644,641,638,635,632,629,626,623,620,617,614,611,608,605,602,599,596,593,590,587,584,581,578,575,572,569,566,563,560,557,554,551,548,545,542,539,536,533,530,527,524,521,518,515,512,509,506,503,500,497,494,491,488,485
2000-2005,S. Soleng,,,,,,,,,892,892,892,889,886,883,880,918,918,918,915,912,909,906,903,900,897,921,921,921,918,915,912,909,906,903,900,897,894,945,945,940,940,940,937,934,948,948,955,955,955,984,984,984,981,986,986,986,988,993,993,993,992,992,994,994,994,997,997,997,1001,1001,1001,1002,1002,1002,1004,1004,1000,1000,1000,1002,1002,991,991,991,988,988,984,984,984,988,988,989,989,993,993,993,990,987,984,1004,1004,1006,1007,1007,1004,1004,1004,1001,998,1003,1001,999,999,999,996,993,990,987,984,988,988,988,985,982,979,976,973,970,967,964,961,958,955,999,999,1001,1001,1001,998,995,992,1000,1000,1000,997,994,991,988,985,982,1001,1001,1001,998,1003,1003,1003,1000,997,994,991,988,999,985,985,985,982,979,976,973,970,967,964,961,958,955,952,949,946,943,940,937,934,967,967,967,964,961,958,955,952,949,946,943,940,937,934,931,928,925,922,919,916,913,910,907,904,901,898,895,892,889,886,883,880,877,874,871,868,865,862,859,856,853,850,847,844,841,838,835,832,829,826,823,820,817,814,811,808,805,802,799,796,793,790,787,784,781,778,775,772,769,766,763,760,757,754,751,748,745,742,739,736,733,730,727,724,721,718,715,712,709,706,703,700,697,694,691,688,685,682,679,676,673,670,667,664,661,658,655,652,649,646,643,640,637,634
2000-2005,T. Downey,,,,,,,,,,,,,,,,892,892,892,889,886,890,890,890,887,884,881,878,875,872,869,866,863,860,857,854,851,848,845,842,839,836,833,830,827,824,821,818,815,812,809,806,803,800,797,794,791,788,785,782,779,776,773,770,767,764,761,758,755,752,749,746,743,740,737,734,731,728,725,722,719,716,713,710,707,704,701,698,695,692,689,686,683,680,677,674,671,668,665,662,659,656,653,650,647,644,641,638,635,632,629,626,623,620,617,614,611,608,605,602,599,596,593,590,587,584,581,578,575,572,569,566,563,560,557,554,551,548,545,542,539,536,533,530,527,524,521,518,515,512,509,506,503,500,497,494,491,488,485,482,479,476,473,470,467,464,461,458,455,452,449,446,443,440,437,434,431,428,425,422,419,416,413,410,407,404,401,398,395,392,389,386,383,380,377,374,371,368,365,362,359,356,353,350,347,344,341,338,335,332,329,326,323,320,317,314,311,308,305,302,299,296,293,290,287,284,281,278,275,272,269,266,263,260,257,254,251,248,245,242,239,236,233,230,227,224,221,218,215,212,209,206,203,200,197,194,191,188,185,182,179,176,173,170,167,164,161,158,155,152,149,146,143,140,137,134,131,128,125,122,119,116,113,110,107,104,101,98,95,92,89,86,83,80,77,74,71,68
2015-2020,T. Gardner,,,,,,,,,,,,,,,,,,,,,,,,,,,,,,,,,,,,,,,,,,,,,,,,,,,,,,,,,,,,,,,,,,,,,,,,,,,,,,,,,,,,,,,,,,,,,,,,,,,,,,,,,,,,,,,,,,,,,,,,,,,,,,,,,,,,,,,,,,,,,,,,,,,,,,,,,,,,,,,,,,,,,,,,,,,,,,,,,,,,,,,,,,,,,,,,,,,,,,,,,,,,,,948,946,946,945,945,956,956,956,953,950,947,944,953,953,953,950,947,958,963,963,963,960,957,954,951,948,945,942,978,972,972,972,969,966,963,960,957,954,951,948,945,942,939,936,933,930,927,924,921,918,915,912,909,906,903,900,897,894,891,888,885,882,879,876,873,870,867,864,861,858,855,852,849,846,843,840,837,834,831,828,825,822,819,816,813,810,807,804,801,798,795,792
2010-2015,T. Korner,,,,,,,,,,,,,,,,,,,,,,,,,,,,,,,,,,,,,,,,,,,,,,,,,,,,,,,,,,,,,,,,,,,,,,,,,,,,,,,,,,,,,,,,,,,,,,,,,,,,,,,,,,,,,,,,,,,,,,,,,,,,,,,,,,,,,,,,,,,,,,,,,,,,,,,,,,,,,,,,,,,,,,,,954,954,954,951,948,945,942,939,936,933,930,927,924,921,918,915,912,909,906,951,951,951,948,945,942,939,936,933,930,927,924,921,918,915,912,909,906,903,900,897,894,891,888,885,882,879,876,873,870,867,864,861,858,855,852,849,846,843,840,837,834,831,828,825,822,819,816,813,810,807,804,801,798,795,792,789,786,783,780,777,774,771,768,765,762,759,756,753,750,747,744,741,738,735,732,729,726,723,720,717,714,711,708,705,702,699,696,693,690,687,684,681,678,675,672,669,666,663,660,657,654,651,648,645,642,639,636,633,630,627
2000-2005,T. Pazar,899,899,899,896,893,890,887,884,906,906,906,903,900,897,894,891,888,885,882,879,876,873,870,867,864,861,858,855,852,849,846,843,840,837,834,831,828,825,822,819,816,813,810,807,804,801,798,795,792,789,786,783,780,777,774,771,768,765,762,759,756,753,750,747,744,741,738,735,732,729,726,723,720,717,714,711,708,705,702,699,696,693,690,687,684,681,678,675,672,669,666,663,660,657,654,651,648,645,642,639,636,633,630,627,624,621,618,615,612,609,606,603,600,597,594,591,588,585,582,579,576,573,570,567,564,561,558,555,552,549,546,543,540,537,534,531,528,525,522,519,516,513,510,507,504,501,498,495,492,489,486,483,480,477,474,471,468,465,462,459,456,453,450,447,444,441,438,435,432,429,426,423,420,417,414,411,408,405,402,399,396,393,390,387,384,381,378,375,372,369,366,363,360,357,354,351,348,345,342,339,336,333,330,327,324,321,318,315,312,309,306,303,300,297,294,291,288,285,282,279,276,273,270,267,264,261,258,255,252,249,246,243,240,237,234,231,228,225,222,219,216,213,210,207,204,201,198,195,192,189,186,183,180,177,174,171,168,165,162,159,156,153,150,147,144,141,138,135,132,129,126,123,120,117,114,111,108,105,102,99,96,93,90,87,84,81,78,75,72,69,66,63,60,57,54,51,48
2005-2010,W. Cooper,,,,,,,,,,,,,,,,,,,,,,,,,,,,,,,,,,,,,,,,,,,,,,,,,,,,,,,,,,,,,,,,,,,,,,,,,898,898,898,895,911,911,911,931,931,931,928,925,922,919,955,955,955,965,965,956,956,956,953,950,947,944,941,938,935,932,929,926,923,920,917,914,911,908,905,902,899,896,953,953,953,950,947,944,941,938,935,932,929,926,923,920,917,914,911,908,905,902,899,896,893,890,887,884,881,878,875,872,869,866,863,860,857,854,851,848,845,842,839,836,833,830,827,824,821,818,815,812,809,806,803,800,797,794,791,788,785,782,779,776,773,770,767,764,761,758,755,752,749,746,743,740,737,734,731,728,725,722,719,716,713,710,707,704,701,698,695,692,689,686,683,680,677,674,671,668,665,662,659,656,653,650,647,644,641,638,635,632,629,626,623,620,617,614,611,608,605,602,599,596,593,590,587,584,581,578,575,572,569,566,563,560,557,554,551,548,545,542,539,536,533,530,527,524,521,518,515,512,509,506,503,500,497,494,491,488,485,482,479,476,473,470,467,464,461,458,455,452,449,446,443,440,437,434,431,428,425,422,419,416,413
2015-2020,W. Douglas,,,,,,,,,,,,,,,,,,,,,,,,,,,,,,,,,,,,,,,,,,,,,,,,,,,,,,,,,,,,,,,,,,,,,,,,,,,,,,,,,,,,,,,,,,,,,,,,,,,,,,,,,,,,,,,,,,,,,,,,,,,,,,,,,,,,,,,,,,,,,,,,,,,,,,,,,,,,,,,,,,,,,,,,,,,,,,,,,,,,,,,,,,,,,,,,,,,,,,,,,,,,,,,,,,,,,,,,,,,,,,,,,,,,,,,,,,957,963,964,964,964,961,958,955,952,949,946,943,940,937,934,931,928,925,922,919,916,913,910,907,904,901,898,895,892,889,886,883,880,877,874,871,868,865,862,859,856,853,850,847,844,841,838,835,832,829,826,823,820,817,814,811,808,805,802,799,796,793,790,787
2000-2005,W. Fix,899,899,899,896,885,885,885,882,895,895,895,892,889,886,883,905,905,905,902,899,900,900,900,897,894,891,888,885,882,879,876,873,870,867,864,861,858,855,852,849,846,843,840,837,834,831,828,825,822,819,816,813,810,807,804,801,798,795,792,789,786,783,780,777,774,771,768,765,762,759,756,753,750,747,744,741,738,735,732,729,726,723,720,717,714,711,708,705,702,699,696,693,690,687,684,681,678,675,672,669,666,663,660,657,654,651,648,645,642,639,636,633,630,627,624,621,618,615,612,609,606,603,600,597,594,591,588,585,582,579,576,573,570,567,564,561,558,555,552,549,546,543,540,537,534,531,528,525,522,519,516,513,510,507,504,501,498,495,492,489,486,483,480,477,474,471,468,465,462,459,456,453,450,447,444,441,438,435,432,429,426,423,420,417,414,411,408,405,402,399,396,393,390,387,384,381,378,375,372,369,366,363,360,357,354,351,348,345,342,339,336,333,330,327,324,321,318,315,312,309,306,303,300,297,294,291,288,285,282,279,276,273,270,267,264,261,258,255,252,249,246,243,240,237,234,231,228,225,222,219,216,213,210,207,204,201,198,195,192,189,186,183,180,177,174,171,168,165,162,159,156,153,150,147,144,141,138,135,132,129,126,123,120,117,114,111,108,105,102,99,96,93,90,87,84,81,78
2015-2020,W. Mahoney,,,,,,,,,,,,,,,,,,,,,,,,,,,,,,,,,,,,,,,,,,,,,,,,,,,,,,,,,,,,,,,,,,,,,,,,,,,,,,,,,,,,,,,,,,,,,,,,,,,,,,,,,,,,,,,,,,,,,,,,,,,,,,,,,,,,,,,,,,,,,,,,,,,,,,,,,,,,,,,,,,,,,,,,,,,,,,,,,,,,,,,,,,,,,,,,,,,,,,,,,,,,,,,,,,,,,,,,,,,,,,,,,,,,,,,,,,,,,,,,,,,,,,,,,,937,937,939,944,949,956,959,959,968,969,970,974,973,976,976,981,985,987,990,989,989,990,994,995,995,995,996,998,997,997,1000,1002,1004,1007,1012,1012,1012,1009,1014,1014,1014,1016,1017,1020,1020,1020,1022,1022
